{"token": "ya29.A0ARrdaM-UC_P7RZXytHG4lvT6V-knbU_jPoEMjo3PnWNLu_7TJkvd0pgJjimWpmKHERR22nq8WjoVUxIfdNfxoqQM7QgP0HUs_8pQFaqiIu-x2Yep4l7YhSFah9koOcu-dF5iOC0foFDuHMwQcnv9vrUO-fgJ", "refresh_token": "1//093fb6GxceFRICgYIARAAGAkSNwF-L9IrRY76qliY19L9L6Xjp_H5ZfqgdaViAKHZf-q7oXHWPDC18l7gqOFFz7IHUW9eWjdiHCc", "token_uri": "https://oauth2.googleapis.com/token", "client_id": "603385022972-5881mkces5aee518jku0emjjjna78k9k.apps.googleusercontent.com", "client_secret": "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", "scopes": ["https://www.googleapis.com/auth/cloud-platform", "https://www.googleapis.com/auth/drive", "https://www.googleapis.com/auth/cloud-platform", "https://www.googleapis.com/auth/iam", "https://www.googleapis.com/auth/cloudplatformprojects"], "expiry": "2022-04-26T06:03:51.387195Z"}